epoch,stage,stage_epoch,train_loss,train_acc,train_macro_f1,val_loss,val_acc,val_macro_f1,lr,epoch_time
1,head,1,1.9233568730088866,0.23132545271629779,0.22820500374642655,1.7807918041537267,0.32,0.2942627283792477,0.001,59.394631147384644
2,head,2,1.8218583964725854,0.29179242119382964,0.2863557600696952,1.7483375388198759,0.33590062111801244,0.3226132092207624,0.0005005,59.22653770446777
3,head,3,1.784452810613682,0.31562290409121396,0.3088745797104627,1.725153217197205,0.3515527950310559,0.3437387464047676,1e-06,59.94438910484314
4,finetune,1,1.7627256049316733,0.3908031522468142,0.3864193298756981,1.4395852338897515,0.5301863354037267,0.5008307129409367,0.0005,99.00001454353333
5,finetune,2,1.322256619141935,0.5812374245472837,0.5767103011164328,1.2209260966614908,0.6303105590062111,0.6288464846521233,0.0004965971451989792,93.91482377052307
6,finetune,3,1.1944394229963111,0.6487676056338029,0.6458327036931955,1.1834288868400622,0.648944099378882,0.6513580715509958,0.00048648140180430834,94.00515246391296
7,finetune,4,1.1136169228915158,0.6907905767940979,0.6887039557259953,1.1440042701863353,0.6715527950310559,0.6731445788933595,0.00046992870092601904,94.01001334190369
8,finetune,5,1.0488502302879779,0.7248071763916835,0.7231443672215186,1.1485169594332298,0.6802484472049689,0.6756611735591747,0.0004473905570944002,94.00247931480408
9,finetune,6,0.9834046597292085,0.755617035546613,0.7545332319160886,1.1500117672748447,0.6829813664596274,0.6834162833253394,0.00041948175212062243,94.01773810386658
10,finetune,7,0.923777200966214,0.786615526492287,0.7857589277972366,1.197243667507764,0.6879503105590062,0.6839592074666209,0.00038696356545154555,93.99026346206665
11,finetune,8,0.8683693960638833,0.8163355130784709,0.8157614071395828,1.1535197496118013,0.6949068322981367,0.6977082053774406,0.0003507230084509159,94.14825081825256
12,finetune,9,0.8159104365778002,0.8432050637156271,0.8427405867643888,1.166031395574534,0.698136645962733,0.6978007755461793,0.0003117486290416294,93.97909355163574
13,finetune,10,0.7733383536898474,0.8666163648558015,0.8663521075987745,1.2030693177406833,0.6881987577639752,0.6890176909417677,0.000271103546695347,94.04791975021362
14,finetune,11,0.7305851711833501,0.889105466130114,0.8889043406389681,1.1860599039208075,0.7075776397515527,0.7079310434941822,0.00022989645330465311,93.99226546287537
15,finetune,12,0.695144827297116,0.9072350771294433,0.9071059898211941,1.1857032463121118,0.7018633540372671,0.702151971201218,0.00018925137095837064,93.93685746192932
16,finetune,13,0.6683217387004318,0.9203345070422535,0.9202399070505455,1.20451778435559,0.6859627329192547,0.6869600303854029,0.00015027699154908418,93.92407178878784
17,finetune,14,0.64558256112194,0.9323021462105969,0.9322609579094234,1.193945919060559,0.6986335403726708,0.6990326680133977,0.00011403643454845454,93.93914699554443
18,finetune,15,0.6246185609752264,0.9435990945674044,0.9435503387975499,1.1941590644409938,0.702111801242236,0.7020215080801832,8.151824787937766e-05,93.98542022705078
19,finetune,16,0.6106271826925093,0.9507880617035547,0.9507549573469938,1.188796947787267,0.6949068322981367,0.6957787664201122,5.360944290559983e-05,94.05958938598633
20,finetune,17,0.6005354637591171,0.9561116700201208,0.9560839341730977,1.182722729037267,0.7008695652173913,0.6996275637288313,3.107129907398101e-05,93.92677736282349
21,finetune,18,0.5933802276549924,0.9593393695506371,0.959317845696164,1.1832620826863354,0.697639751552795,0.698320172626941,1.4518598195691658e-05,93.92753195762634
22,finetune,19,0.588780526583983,0.9604082830315225,0.9603852489299151,1.1826459384704968,0.697391304347826,0.6986724825058177,4.402854801020781e-06,93.89185953140259
23,finetune,20,0.5884332688841382,0.9620011737089202,0.9619919635776496,1.1832736073369565,0.6988819875776398,0.6982302228052978,1e-06,94.01716351509094
