model,seed,run,epochs,accuracy,macro_f1,weighted_f1,acc_ci_low,acc_ci_high,f1_ci_low,f1_ci_high,params,checkpoint_mb,ms_cpu,ms_gpu,best_epoch
cnn_scratch,42,cnn_scratch_s42_20261005-1110,40/40,0.6698741672834937,0.6675883990859829,0.667588399085983,0.6447076239822354,0.6950592153960029,0.6425481291884516,0.6912525248362422,4689735,17.920201301574707,13.765202999929897,1.5678079999634065,18
cnn_scratch,123,cnn_scratch_s123_20261005-2153,40/40,0.6802368615840119,0.6776401512770972,0.6776401512770973,0.6565321983715766,0.7054034048852702,0.6539253923205097,0.7013538914250658,4689735,17.920201301574707,13.34741650003707,1.511529999843333,26
cnn_scratch,2024,cnn_scratch_s2024_20261005-2359,40/40,0.6905995558845299,0.6906511653389671,0.690651165338967,0.6661732050333087,0.7157660991857883,0.6662372201872275,0.714596399706896,4689735,17.920201301574707,13.43213799991645,1.522310999862384,36
mobilenet_v2,42,mobilenet_v2_s42_20261005-2113,23/23,0.6720947446336047,0.6711166243293445,0.6711166243293446,0.6484085862324205,0.6972612879348631,0.6476186110890082,0.6941854987316413,2232839,8.73682689666748,12.863475499907508,6.011325500148814,18
mobilenet_v2,123,mobilenet_v2_s123_20261005-2320,23/23,0.6743153219837158,0.6738605079092653,0.6738605079092653,0.6491302738712066,0.6994818652849741,0.6487670808368688,0.6980185819988065,2232839,8.73682689666748,12.93281249993015,5.782589000009466,16
mobilenet_v2,2024,mobilenet_v2_s2024_20261006-0126,23/23,0.688378978534419,0.6875046351303791,0.6875046351303791,0.6639526276831976,0.7128053293856402,0.6627129389147359,0.7113555269777903,2232839,8.73682689666748,13.265742500079796,5.86851799977012,23
resnet18,42,resnet18_s42_20261005-2036,23/23,0.692079940784604,0.6915431412900279,0.6915431412900279,0.6683937823834197,0.7172464840858623,0.6673255067542625,0.7152815413538964,11180103,42.71998119354248,18.024194499885198,2.823486999841407,21
resnet18,123,resnet18_s123_20261005-2244,23/23,0.6846780162842339,0.6841916935878595,0.6841916935878596,0.6602516654330126,0.7098630643967431,0.6596780640707917,0.707936045166742,11180103,42.71998119354248,18.3077040000353,2.909508000011556,16
resnet18,2024,resnet18_s2024_20261006-0051,23/23,0.6728349370836417,0.6721674527708507,0.6721674527708507,0.6476498889711325,0.698741672834937,0.6473572148197618,0.6955894024170042,11180103,42.71998119354248,18.33897549979156,2.8589309999370016,14
